,Mann-Whitney U,p-value,Significant,Pre-1995 n,Post-1995 n
E. coli,6461712.5,0.6034991991674861,False,2734,4761
BOD5,15766652.5,7.092627093187493e-75,True,3378,7663
NH3-N,15504294.5,4.0984774832602816e-114,True,3245,7492
TIN,17148824.0,7.92558657241433e-140,True,3406,7757
TP,13590463.0,2.3620649079279077e-259,True,3321,5721
SS,12823149.0,0.49858191377477035,False,3294,7723
