,Mann-Whitney U,p-value,Significant,Pre-1995 n,Post-1995 n
E. coli,7916323.0,4.309558945970693e-32,True,1897,10051
BOD5,16898317.0,2.3036885891802707e-16,True,2025,15011
NH3-N,14512375.0,0.5793540997954234,False,1894,15206
TIN,13438926.0,5.243099461797978e-33,True,2042,15716
TP,17046978.0,7.124970999717227e-174,True,1950,12607
SS,14530523.5,7.005964125646938e-13,True,2056,15657
